"Data Source","World Development Indicators",

"Last Updated Date","2016-04-11",

"Country Name","Country Code","Indicator Name","Indicator Code","1960","1961","1962","1963","1964","1965","1966","1967","1968","1969","1970","1971","1972","1973","1974","1975","1976","1977","1978","1979","1980","1981","1982","1983","1984","1985","1986","1987","1988","1989","1990","1991","1992","1993","1994","1995","1996","1997","1998","1999","2000","2001","2002","2003","2004","2005","2006","2007","2008","2009","2010","2011","2012","2013","2014","2015",
"Aruba","ABW","Intentional homicides (per 100,000 people)","VC.IHR.PSRC.P5","","","","","","","","","","","","","","","","","","","","","","","","","","","","","","","","","","","","","","","","","","","5.26343491762724","4.12307375148173","2.02548054525936","11.9962811528426","9.91768322919766","5.92774083917051","4.93369119040101","3.94407304423278","3.93712412768094","","","","","",
"Andorra","AND","Intentional homicides (per 100,000 people)","VC.IHR.PSRC.P5","","","","","","","","","","","","","","","","","","","","","","","","","","","","","","","","","","","","","","","","","","","","","1.30081300813008","","","0","1.1836560768903","1.18931519231227","1.17626301240957","1.2801638609742","0","0","","",
"Afghanistan","AFG","Intentional homicides (per 100,000 people)","VC.IHR.PSRC.P5","","","","","","","","","","","","","","","","","","","","","","","","","","","","","","","","","","","","","","","","","","","","","","","","","","4.02408140236674","3.46153429003615","4.18613170766125","6.4508176266087","","","",
"Angola","AGO","Intentional homicides (per 100,000 people)","VC.IHR.PSRC.P5","","","","","","","","","","","","","","","","","","","","","","","","","","","","","","","","","","","","","","","","","","","","","","","","","","","","","10.8457750851463","","","",
"Albania","ALB","Intentional homicides (per 100,000 people)","VC.IHR.PSRC.P5","","","","","","","","","","","","","","","","","","","","","","","","","","","","","","","","","","","","6.68555175858664","7.96762317768731","49.8722145785992","18.6097146607852","16.1420237736862","","","","","","4.81832716441446","2.98782257869217","3.31625514572257","2.9462004784883","2.69739796298853","4.03156301158392","4.5646421416997","5.07377144698541","4.02882286036794","","",
"Arab World","ARB","Intentional homicides (per 100,000 people)","VC.IHR.PSRC.P5","","","","","","","","","","","","","","","","","","","","","","","","","","","","","","","","","","","","","","","","","","","","","","","","","","","","","4.7","","","",
"United Arab Emirates","ARE","Intentional homicides (per 100,000 people)","VC.IHR.PSRC.P5","","","","","","","","","","","","","","","","","","","","","","","","","","","","","","","","","","","","","","","","","","","","","","","","","","","0.79369432367589","0.612970943745909","0.776524114777344","0.61366772491646","","",
"Argentina","ARG","Intentional homicides (per 100,000 people)","VC.IHR.PSRC.P5","","","","","","","","","","","","","","","","","","","","","","","","","","","","","","","","","","","","7.81232965219497","8.50452118312994","9.14183533726191","7.21468335012147","7.30138168796505","10.007298309379","9.57788593306625","12.3048155280925","10.1052369435769","7.82066168175185","7.36651509809574","6.84553405078668","7.09103426052653","7.1756075316205","7.33316591561472","6.83604470020278","6.8622901188975","7.03363374703818","","","",
"Armenia","ARM","Intentional homicides (per 100,000 people)","VC.IHR.PSRC.P5","","","","","","","","","","","","","","","","","","","","","","","","","","","","","","","","","","","","3.59893806506818","3.59373743965122","3.18995953855321","2.99121836183514","2.91203329813009","","","","","2.7432103890335","1.92376771897867","2.63078059922522","2.57535247210425","3.25777971229439","3.26802450277176","1.88966005015698","2.40980199085931","2.21472484687508","2.01812654520393","","",
"American Samoa","ASM","Intentional homicides (per 100,000 people)","VC.IHR.PSRC.P5","","","","","","","","","","","","","","","","","","","","","","","","","","","","","","","","","","","","","","","","","","","","","","","","","","","","","","","","",
"Antigua and Barbuda","ATG","Intentional homicides (per 100,000 people)","VC.IHR.PSRC.P5","","","","","","","","","","","","","","","","","","","","","","","","","","","","","","","","","","","","","","","","","6.43931588708016","8.86390112951426","6.24765712857678","6.1801641451597","4.89488240045033","3.63350087809605","13.1788611067847","20.142896074505","18.7465582490715","18.539976825029","6.87813098254101","","11.2252538004372","","","",
"Australia","AUS","Intentional homicides (per 100,000 people)","VC.IHR.PSRC.P5","","","","","","","","","","","","","","","","","","","","","","","","","","","","","","","","","","","","1.79927428534592","1.70309051429349","1.73277921105429","1.52122687961993","1.81022756407651","1.87960389372927","1.78065081196394","1.85648978867212","1.70900582420164","1.49368293295624","1.2621379662016","1.34671530625336","1.20021044631167","1.20581591348987","1.19343963961209","1.03104342308559","1.08085413001181","1.10953535602299","1.07280456120121","","",
"Austria","AUT","Intentional homicides (per 100,000 people)","VC.IHR.PSRC.P5","","","","","","","","","","","","","","","","","","","","","","","","","","","","","","","","","","","","1.03331508650107","1.24364609902136","0.827944065604281","0.96538202736996","0.751437688156866","1.02241048983188","0.869625713093085","0.803281938119114","0.614075444326569","0.720113138317745","0.655450850653824","0.736947007348811","0.541420926736966","0.695266160472944","0.609194464548525","0.69031807476478","0.921958658144491","1.02353127382534","0.71430914490312","","",
"Azerbaijan","AZE","Intentional homicides (per 100,000 people)","VC.IHR.PSRC.P5","","","","","","","","","","","","","","","","","","","","","","","","","","","","","","","","","","","","","","","","","2.78402541002165","2.66002003312335","2.56045821573745","2.18633578366219","2.37444754225188","2.2421006240747","2.19272785269854","2.00681358822603","1.89238864391092","1.82500718318376","2.13310627113452","","2.1789735780802","2.35884777193079","","",
"Burundi","BDI","Intentional homicides (per 100,000 people)","VC.IHR.PSRC.P5","","","","","","","","","","","","","","","","","","","","","","","","","","","","","","","","","","","","","","","","","","","","","","","","","3.9539532575473","4.21208898665317","3.75835896400564","3.71319340561999","4.66943154240633","4.19430579908148","","",
"Belgium","BEL","Intentional homicides (per 100,000 people)","VC.IHR.PSRC.P5","","","","","","","","","","","","","","","","","","","","","","","","","","","","","","","","","","","","","","","","","2.06459051963406","2.73765808883312","3.08541402919382","2.2147428110652","2.56680960028932","2.10314348577476","2.08732163671329","1.97601473975886","1.88441534667858","1.7399404056602","1.71826205470508","1.92340823975593","1.73919190370199","1.76431781715431","","",
"Benin","BEN","Intentional homicides (per 100,000 people)","VC.IHR.PSRC.P5","","","","","","","","","","","","","","","","","","","","","","","","","","","","","","","","","","","","","","","","","","","","","","","","","","","","","6.32844972542389","","","",
"Burkina Faso","BFA","Intentional homicides (per 100,000 people)","VC.IHR.PSRC.P5","","","","","","","","","","","","","","","","","","","","","","","","","","","","","","","","","","","","","","","","","","","","","","0.581138523382146","0.651123763651624","0.758689364123477","0.873145231474212","0.649223015856875","0.58557488395965","0.561707161887834","0.720528853263854","","","",
"Bangladesh","BGD","Intentional homicides (per 100,000 people)","VC.IHR.PSRC.P5","","","","","","","","","","","","","","","","","","","","","","","","","","","","","","","","","","","","","","","","","2.52524365523089","2.72991432321991","2.55681712222839","2.493785545335","2.76277058309222","2.50951582972125","2.87570741125298","2.63763304777911","2.77015673052086","2.82201506189504","2.63886680918621","2.58153780347223","2.64595277781034","2.79211139598854","","",
"Bulgaria","BGR","Intentional homicides (per 100,000 people)","VC.IHR.PSRC.P5","","","","","","","","","","","","","","","","","","","","","","","","","","","","","","","","","","","","5.91147812800959","5.29432391664897","4.85483790696472","4.68618316408135","4.05353090433035","","","","3.16382936072074","3.15059251153227","2.59004506418106","2.44003163120575","2.34029750337856","2.29204795284138","2.01445113525737","1.9893966511823","1.74832246472779","1.94209193237631","1.50018314357044","","",
"Bahrain","BHR","Intentional homicides (per 100,000 people)","VC.IHR.PSRC.P5","","","","","","","","","","","","","","","","","","","","","","","","","","","","","","","","","","","","","","","","","","1.28801615458484","1.09208904348016","0.388571843048061","0.853133131425159","0.45478628455523","0.736105225190362","0.387464365386646","0.537616102677507","1.09102597564998","0.878936135701347","0.545038043726235","","","","",
"Bahamas, The","BHS","Intentional homicides (per 100,000 people)","VC.IHR.PSRC.P5","","","","","","","","","","","","","","","","","","","","","","","","","","","","","","","","","","","","","","","","","24.8523134481242","14.1911849639445","16.826355249661","15.8416343497326","13.6476426799007","15.8012446518864","18.1752090149037","22.8037503398636","20.9565367170006","24.5421617413087","26.0750406382282","34.5784649973362","29.7047869665613","","","",
"Bosnia and Herzegovina","BIH","Intentional homicides (per 100,000 people)","VC.IHR.PSRC.P5","","","","","","","","","","","","","","","","","","","","","","","","","","","","","","","","","","","","","","","","","","","","","","","","","","1.84250668103303","1.45608512273628","1.32169222008186","1.63352811313551","1.21929823551838","","",
"Belarus","BLR","Intentional homicides (per 100,000 people)","VC.IHR.PSRC.P5","","","","","","","","","","","","","","","","","","","","","","","","","","","","","","","","","","","","9.34376499808112","9.46863023280921","10.0055054779408","10.1994514545983","9.6363914464461","10.1488159046873","9.76797481253603","10.0376885263638","8.98395367754924","8.38478142623795","8.53620707244932","7.62965290588428","6.77073639739236","5.66148248587429","4.9654700373775","5.12060284035414","3.96612854689508","3.63427079461849","","","",
"Belize","BLZ","Intentional homicides (per 100,000 people)","VC.IHR.PSRC.P5","","","","","","","","","","","","","","","","","","","","","","","","","","","","","","","","","","","","","","","","","17.1845791454654","26.1013548234488","34.5558971425848","25.9342122579796","29.8068216118322","29.7881729920565","32.9766833342294","33.8928566436987","35.0884364865233","32.2242007069392","41.802362319545","39.4200330527151","45.0947232331859","","","",
"Bermuda","BMU","Intentional homicides (per 100,000 people)","VC.IHR.PSRC.P5","","","","","","","","","","","","","","","","","","","","","","","","","","","","","","","","","","","","","6.48287710085736","3.22632682690757","0","3.19718647590121","0","4.68675903937346","1.55093539733696","3.08827843918408","1.53052634801108","3.03444090426339","4.51562405924499","4.48289774510243","7.41982875035244","8.84499152354979","10.25415659562","11.6483932497561","7.23798494499131","","","",
"Bolivia","BOL","Intentional homicides (per 100,000 people)","VC.IHR.PSRC.P5","","","","","","","","","","","","","","","","","","","","","","","","","","","","","","","","","","","","","","","","","","","","","","6.99113141841184","6.28323191377472","8.13314296060459","8.64339566272372","8.35550962304544","10.3577958807282","9.95689872388361","12.0949749483761","","","",
"Brazil","BRA","Intentional homicides (per 100,000 people)","VC.IHR.PSRC.P5","","","","","","","","","","","","","","","","","","","","","","","","","","","","","","","","","","","","","","","","","","","","","","","","23.4872159228471","23.9276532892894","23.0077977508423","22.1668797003254","23.3241029318799","26.520831725888","26.5425401365802","","",
"Barbados","BRB","Intentional homicides (per 100,000 people)","VC.IHR.PSRC.P5","","","","","","","","","","","","","","","","","","","","","","","","","","","","","","","","","","","","","","","7.52046506555965","8.62204694892","7.48531007897002","9.3180666129946","9.27561181935561","12.1841355171242","8.08214397237376","10.600655047374","12.730837361734","9.77280048646829","9.00466081243652","6.80988939305965","11.0557925220046","9.58703631265927","7.77482113252928","8.44181329893849","","",
"Brunei Darussalam","BRN","Intentional homicides (per 100,000 people)","VC.IHR.PSRC.P5","","","","","","","","","","","","","","","","","","","","","","","","","","","","","","","","","","","","","","","","","","","","0.848298736883181","0.554328334215639","0.543751614262605","0.800646922713553","0.786493288590604","0.257720666877998","0.760649087221095","0.249644880157975","","","0.473511059539539","","",
"Bhutan","BTN","Intentional homicides (per 100,000 people)","VC.IHR.PSRC.P5","","","","","","","","","","","","","","","","","","","","","","","","","","","","","","","","","","","","","","","","","","","","","","","","","2.02265664392141","1.41936179816107","1.9527463284882","2.98002171278299","3.84783447856065","2.47044666124807","","",
"Botswana","BWA","Intentional homicides (per 100,000 people)","VC.IHR.PSRC.P5","","","","","","","","","","","","","","","","","","","","","","","","","","","","","","","","","","","","","","","","","","11.9438203066253","14.0963727545307","17.0249732347777","13.9642289292456","15.5133396061957","13.7662293823024","14.6199822784929","14.5315839581656","14.8074898230531","15.3858575025859","","","","","",
"Central African Republic","CAF","Intentional homicides (per 100,000 people)","VC.IHR.PSRC.P5","","","","","","","","","","","","","","","","","","","","","","","","","","","","","","","","","","","","","","","","","","","","","","","","","","","","","13.6489154608389","","","",
"Canada","CAN","Intentional homicides (per 100,000 people)","VC.IHR.PSRC.P5","","","","","","","","","","","","","","","","","","","","","","","","","","","","","","","","","","","","1.83604638194433","1.94373499056291","1.75207959788065","1.68028315892703","1.5863704840566","1.59296748831539","1.7846315662017","1.67179467573992","1.73780201471713","1.72337726796448","1.84168389188857","1.71414637473067","1.63403616695011","1.66317559616155","1.59987589703412","1.44170585449789","1.53802249441024","1.56304757080328","1.43936829356725","","",
"Central Europe and the Baltics","CEB","Intentional homicides (per 100,000 people)","VC.IHR.PSRC.P5","","","","","","","","","","","","","","","","","","","","","","","","","","","","","","","","","","","","","","","","","","","","","","","","","","","","","1.6","","","",
"Switzerland","CHE","Intentional homicides (per 100,000 people)","VC.IHR.PSRC.P5","","","","","","","","","","","","","","","","","","","","","","","","","","","","","","","","","","","","1.16830718842316","1.17547705603329","1.22699680684659","1.06847399980992","1.2470679890258","0.962936571368044","1.19431456273575","1.18759745031113","1.00149826884851","1.06200517196519","1.01233592059399","0.801906720339174","0.674182969556541","0.705599928499207","0.658679170033249","0.664067099383005","0.585830417348924","0.568216139428018","0.726185355656882","","",
"Channel Islands","CHI","Intentional homicides (per 100,000 people)","VC.IHR.PSRC.P5","","","","","","","","","","","","","","","","","","","","","","","","","","","","","","","","","","","","","","","","","","","","","","","","","","","","","","","","",
"Chile","CHL","Intentional homicides (per 100,000 people)","VC.IHR.PSRC.P5","","","","","","","","","","","","","","","","","","","","","","","","","","","","","","","","","","","","","","","","","","","","3.20712033228017","","3.52557748316491","3.57477613721809","3.69550657596198","3.4935153700417","3.70768625135205","3.15437916453848","3.66805984116448","3.14141354338908","","","",
"China","CHN","Intentional homicides (per 100,000 people)","VC.IHR.PSRC.P5","","","","","","","","","","","","","","","","","","","","","","","","","","","","","","","","","","","","","","","","","","","2.0285303263817","1.87233711511043","1.88573937099619","1.57566112895619","1.35528019777888","1.20800977344133","1.10304910716237","1.08544137199197","0.986158870495547","0.879213326718815","0.821107797808966","","","",
"Cote d'Ivoire","CIV","Intentional homicides (per 100,000 people)","VC.IHR.PSRC.P5","","","","","","","","","","","","","","","","","","","","","","","","","","","","","","","","","","","","","","","","","","","","","","","","","","","","","12.4367206311484","","","",
"Cameroon","CMR","Intentional homicides (per 100,000 people)","VC.IHR.PSRC.P5","","","","","","","","","","","","","","","","","","","","","","","","","","","","","","","","","","","","","","","","","","","","","","","","","3.15896493324377","5.12834670011284","3.5201121315719","2.59884987280105","2.77020130073442","","","",
"Congo, Rep.","COG","Intentional homicides (per 100,000 people)","VC.IHR.PSRC.P5","","","","","","","","","","","","","","","","","","","","","","","","","","","","","","","","","","","","","","","","","","","","","","","","","","","","","10.5417100262817","","","",
"Colombia","COL","Intentional homicides (per 100,000 people)","VC.IHR.PSRC.P5","","","","","","","","","","","","","","","","","","","","","","","","","","","","","","","","","","","","69.6726338112749","71.7868996641331","67.1845498883999","60.0846549498988","62.2924485456268","66.519651719746","68.6413412991478","68.8732303604904","53.7972214449204","44.7614953697271","39.5655560229609","36.7666430132088","34.6596809457601","33.0232493552981","33.7404714116313","32.3243950808011","33.5423964742345","30.7103964884379","31.8415370562598","","",
"Comoros","COM","Intentional homicides (per 100,000 people)","VC.IHR.PSRC.P5","","","","","","","","","","","","","","","","","","","","","","","","","","","","","","","","","","","","","","","","","","","","","","","","","","","","","8.01310570915889","","","",
"Cabo Verde","CPV","Intentional homicides (per 100,000 people)","VC.IHR.PSRC.P5","","","","","","","","","","","","","","","","","","","","","","","","","","","","","","","","","","","","","","","","","","","","","","","","5.99529059586987","7.01535744277841","7.82353401384354","7.99834290741816","10.6279801868199","11.1313642106655","10.6407646331652","","",
"Costa Rica","CRI","Intentional homicides (per 100,000 people)","VC.IHR.PSRC.P5","","","","","","","","","","","","","","","","","","","","","","","","","","","","","","","","","","","","5.30424760689068","5.31332449653439","5.75616396076708","5.98837933602775","6.39435584564182","6.33654215149273","6.40340770920456","6.30215152521838","7.19226974847434","6.59392002893789","7.75439627974158","7.99090630309485","8.26756252092097","11.2956683097599","11.409511490356","11.2855578052909","9.97063451171329","8.43070945557471","8.38567116163124","","",
"Caribbean small states","CSS","Intentional homicides (per 100,000 people)","VC.IHR.PSRC.P5","","","","","","","","","","","","","","","","","","","","","","","","","","","","","","","","","","","","","","","","","","","","","","","","","","","","","29","","","",
"Cuba","CUB","Intentional homicides (per 100,000 people)","VC.IHR.PSRC.P5","","","","","","","","","","","","","","","","","","","","","","","","","","","","","","","","","","","","","","","","","","5.41364498032073","5.89540341371506","5.70873398953541","5.85450854372382","6.05734391845327","5.0968489793029","5.02580414193508","4.55899270162809","5.00494914174423","4.47624875817336","4.70882966213684","","","","",
"Curacao","CUW","Intentional homicides (per 100,000 people)","VC.IHR.PSRC.P5","","","","","","","","","","","","","","","","","","","","","","","","","","","","","","","","","","","","","","","","","","","","","","","","","","","","","","","","",
"Cayman Islands","CYM","Intentional homicides (per 100,000 people)","VC.IHR.PSRC.P5","","","","","","","","","","","","","","","","","","","","","","","","","","","","","","","","","","","","","","","2.8","","9.59577785774259","4.61712491631461","0","6.51720542231491","12.6852576164401","","1.99896054051893","3.88560770904569","7.55972180223768","14.7397512666974","","","","","","",
"Cyprus","CYP","Intentional homicides (per 100,000 people)","VC.IHR.PSRC.P5","","","","","","","","","","","","","","","","","","","","","","","","","","","","","","","","","","","","","","","","","","","","","1.57508219960229","1.93688467594951","1.43086899535826","1.22284461877819","0.835585545855542","1.74223536132586","0.724844498203745","0.799850216332016","2.01520583519497","1.03677567415121","","",
"Czech Republic","CZE","Intentional homicides (per 100,000 people)","VC.IHR.PSRC.P5","","","","","","","","","","","","","","","","","","","","","","","","","","","","","","","","","","","","1.70553592735657","1.67797993717953","1.81624213868242","1.69281992375111","1.67635852045767","1.76578509439341","1.38787960828564","1.45877206637511","1.59743688801262","1.31271367108999","1.05564799534889","1.26521838739936","1.21883011268762","1.09490775690282","0.896396239179115","0.97596094488559","0.819176786559623","0.997165972288771","0.92791261246109","","",
"Germany","DEU","Intentional homicides (per 100,000 people)","VC.IHR.PSRC.P5","","","","","","","","","","","","","","","","","","","","","","","","","","","","","","","","","","","","1.71611081784386","1.68125839587535","1.53657375318974","1.21189355246765","1.23874284846125","1.21538751481381","1.10667826975961","1.14118202080273","1.02520060036893","1.0351961441472","1.03654781721518","0.964887850535815","0.905732140619306","0.865919885523952","0.848733416849022","0.831151019851211","0.795117474513347","0.694645328636535","0.70348246655977","","",
"Djibouti","DJI","Intentional homicides (per 100,000 people)","VC.IHR.PSRC.P5","","","","","","","","","","","","","","","","","","","","","","","","","","","","","","","","","","","","","","","","","","","","","","","","","","","","","7.02074548381771","","","",
"Dominica","DMA","Intentional homicides (per 100,000 people)","VC.IHR.PSRC.P5","","","","","","","","","","","","","","","","","","","","","","","","","","","","","","","","","","","","","","","","","2.87030525696408","1.43554407120299","12.8928745380053","11.4191098803848","11.3757554212584","11.3407615321369","7.07313622860376","9.88770393389364","9.87542852305913","18.3108907544087","21.077184650189","8.40428802055332","","","","",
"Denmark","DNK","Intentional homicides (per 100,000 people)","VC.IHR.PSRC.P5","","","","","","","","","","","","","","","","","","","","","","","","","","","","","","","","","","","","1.14649009700071","1.31298198569687","1.6674334334046","0.924589534137072","0.977353957005448","1.08649166782653","0.971112394307489","1.0430259374475","1.20753808435787","0.796508993697947","0.97827635827212","0.53299780202734","0.713299244945315","0.982514159120715","0.850766966420228","0.756626017234139","0.791596078457887","0.716894487506802","0.749885783630254","","",
"Dominican Republic","DOM","Intentional homicides (per 100,000 people)","VC.IHR.PSRC.P5","","","","","","","","","","","","","","","","","","","","","","","","","","","","","","","","","","","","12.720574702175","12.8122870826323","12.6730332990665","13.465983076827","12.6032079775233","13.9667690165352","12.4441745239222","14.3140754366325","20.9671847023773","24.3174259282409","25.6224686574276","22.6177778054405","21.9552439595778","24.5533550867444","24.0280890890724","24.6985139061918","24.7448609955398","22.0382527319898","","","",
"Algeria","DZA","Intentional homicides (per 100,000 people)","VC.IHR.PSRC.P5","","","","","","","","","","","","","","","","","","","","","","","","","","","","","","","","","","","","","","","","","","","","1.96949154576059","1.34184683849379","0.600690741350429","0.904158765178783","0.772144821431253","0.918114873917216","0.761338264459889","0.685322919302956","0.750034466518914","1.3813330375912","1.25024950646898","","",
"East Asia & Pacific (developing only)","EAP","Intentional homicides (per 100,000 people)","VC.IHR.PSRC.P5","","","","","","","","","","","","","","","","","","","","","","","","","","","","","","","","","","","","","","","","","","","","","","","","","","","","","2.1","","","",
"East Asia & Pacific (all income levels)","EAS","Intentional homicides (per 100,000 people)","VC.IHR.PSRC.P5","","","","","","","","","","","","","","","","","","","","","","","","","","","","","","","","","","","","","","","","","","","","","","","","","","","","","2","","","",
"Europe & Central Asia (developing only)","ECA","Intentional homicides (per 100,000 people)","VC.IHR.PSRC.P5","","","","","","","","","","","","","","","","","","","","","","","","","","","","","","","","","","","","","","","","","","","","","","","","","","","","","3.6","","","",
"Europe & Central Asia (all income levels)","ECS","Intentional homicides (per 100,000 people)","VC.IHR.PSRC.P5","","","","","","","","","","","","","","","","","","","","","","","","","","","","","","","","","","","","","","","","","","","","","","","","","","","","","3.1","","","",
"Ecuador","ECU","Intentional homicides (per 100,000 people)","VC.IHR.PSRC.P5","","","","","","","","","","","","","","","","","","","","","","","","","","","","","","","","","","","","","","","","","14.6252874491336","12.9725138408038","14.627736014031","14.5860564529331","17.665636220497","15.395077538277","17.0071629035912","15.9303108821545","17.9639455963251","17.7888626675406","17.5854098960394","15.373537671868","12.4125830175652","","","",
"Egypt, Arab Rep.","EGY","Intentional homicides (per 100,000 people)","VC.IHR.PSRC.P5","","","","","","","","","","","","","","","","","","","","","","","","","","","","","","","","","","","","","","","","","","","","0.67835690205896","0.456146939832009","0.727245592982264","0.75215005999253","0.91607688940488","1.28093175320136","1.18788632599954","2.35540620478547","3.41785383035147","","","","",
"Euro area","EMU","Intentional homicides (per 100,000 people)","VC.IHR.PSRC.P5","","","","","","","","","","","","","","","","","","","","","","","","","","","","","","","","","","","","","","","","","","","","","","","","","","","","","1.1","","","",
"Eritrea","ERI","Intentional homicides (per 100,000 people)","VC.IHR.PSRC.P5","","","","","","","","","","","","","","","","","","","","","","","","","","","","","","","","","","","","","","","","","","","","","","","","","","","","","7.75583544730424","","","",
"Spain","ESP","Intentional homicides (per 100,000 people)","VC.IHR.PSRC.P5","","","","","","","","","","","","","","","","","","","","","","","","","","","","","","","","","","","","1.0424372395714","1.00456716212155","1.16893652427252","1.31373525561828","1.21655384339648","1.37279338977889","1.41571902025864","1.3640737511143","1.39709134625912","1.21750488248725","1.19389288296252","1.0808734983806","1.07916728675873","0.941574194024094","0.872049851527502","0.844484169364721","0.823304519222363","0.760151825723568","0.626056765256661","","",
"Estonia","EST","Intentional homicides (per 100,000 people)","VC.IHR.PSRC.P5","","","","","","","","","","","","","","","","","","","","","","","","","","","","","","","","","","","","17.0749144519022","15.0733204341398","12.6853992479981","14.0965208923385","11.3771248773517","10.4676246617237","10.0991560201659","10.5366728155325","10.9746291956493","6.83220114000156","8.52758106484584","6.89972575485654","7.08227162720141","6.4228678563755","5.3723622660624","5.39069858062906","5.04739903010028","4.91769579681631","4.0804041061021","","",
"Ethiopia","ETH","Intentional homicides (per 100,000 people)","VC.IHR.PSRC.P5","","","","","","","","","","","","","","","","","","","","","","","","","","","","","","","","","","","","","","","","","","","","","","","","","","","","","8.05245496085937","","","",
"European Union","EUU","Intentional homicides (per 100,000 people)","VC.IHR.PSRC.P5","","","","","","","","","","","","","","","","","","","","","","","","","","","","","","","","","","","","","","","","","","","","","","","","","","","","","1.1","","","",
"Fragile and conflict affected situations","FCS","Intentional homicides (per 100,000 people)","VC.IHR.PSRC.P5","","","","","","","","","","","","","","","","","","","","","","","","","","","","","","","","","","","","","","","","","","","","","","","","","","","","","12.5","","","",
"Finland","FIN","Intentional homicides (per 100,000 people)","VC.IHR.PSRC.P5","","","","","","","","","","","","","","","","","","","","","","","","","","","","","","","","","","","","2.8583723488107","2.98526275287663","2.70467112269342","2.1937385653804","2.77024677474504","2.85908460610894","3.00674783600889","2.53833510984741","1.97574892873167","2.83072638734283","2.26823585383259","2.25900026519524","2.43752150545863","2.5008005382174","2.24553965651103","2.17970737149088","2.04664784032561","1.63144019866627","1.71796805321691","","",
"Fiji","FJI","Intentional homicides (per 100,000 people)","VC.IHR.PSRC.P5","","","","","","","","","","","","","","","","","","","","","","","","","","","","","","","","","","","","","","","","","","","","","","","","2.63349421588907","3.55512999332821","2.46340379059191","2.7888848992341","","3.01421593819795","","","",
"France","FRA","Intentional homicides (per 100,000 people)","VC.IHR.PSRC.P5","","","","","","","","","","","","","","","","","","","","","","","","","","","","","","","","","","","","2.30964046176144","2.01696350708443","1.65263956656979","1.64284349848874","1.62208425674125","1.77494519117865","1.7566903644812","1.86351716833054","1.63065997616956","1.62288332368865","1.58841312516181","1.4212896808435","1.59618389562327","1.63222595301933","1.3023086418053","1.25887885198346","1.34218535363353","1.2214626952181","1.20289630746722","","",
"Faroe Islands","FRO","Intentional homicides (per 100,000 people)","VC.IHR.PSRC.P5","","","","","","","","","","","","","","","","","","","","","","","","","","","","","","","","","","","","","","","","","","","","","","","","","","","","","","","","",
"Micronesia, Fed. Sts.","FSM","Intentional homicides (per 100,000 people)","VC.IHR.PSRC.P5","","","","","","","","","","","","","","","","","","","","","","","","","","","","","","","","","","","","","","","","","","","","","","","","","","","","","4.85203284738019","","","",
"Gabon","GAB","Intentional homicides (per 100,000 people)","VC.IHR.PSRC.P5","","","","","","","","","","","","","","","","","","","","","","","","","","","","","","","","","","","","","","","","","","","","","","","","","","","","","9.40999373076049","","","",
"United Kingdom","GBR","Intentional homicides (per 100,000 people)","VC.IHR.PSRC.P5","","","","","","","","","","","","","","","","","","","","","","","","","","","","","","","","","","","","1.46863785301919","1.32075471698113","1.433281613654","1.45011600928074","1.47497737469432","1.69970391225701","1.75554874212652","2.02079901922093","1.74042815604702","1.63876711498867","1.48611541935308","1.42360126680388","1.43184327597869","1.23913197696317","1.15719736975197","1.21321779031633","1.03744916759317","1.02904982660582","0.95713716823702","","",
"Georgia","GEO","Intentional homicides (per 100,000 people)","VC.IHR.PSRC.P5","","","","","","","","","","","","","","","","","","","","","","","","","","","","","","","","","","","","7.71314365049478","5.40828982664628","5.78730849339303","4.99620247490899","5.07789575329751","5.03837704388932","5.61690967453959","6.31783422911712","6.61564297258802","6.59981219326376","9.00497083327933","7.26490497594259","7.45581244971563","5.96033724177349","4.7715419783222","4.26096811929982","","","","","",
"Ghana","GHA","Intentional homicides (per 100,000 people)","VC.IHR.PSRC.P5","","","","","","","","","","","","","","","","","","","","","","","","","","","","","","","","","","","","","","","","","","2.24429172433753","2.02665408961864","2.14760488365351","2.16937292739694","1.83781974907073","1.87718310814046","1.77131332761452","1.86065518688572","1.80233166000697","1.73928088813452","1.70970545101894","","","","",
"Guinea","GIN","Intentional homicides (per 100,000 people)","VC.IHR.PSRC.P5","","","","","","","","","","","","","","","","","","","","","","","","","","","","","","","","","","","","","","","","","","","","","","","","","","","","","9.02754740703391","","","",
"Gambia, The","GMB","Intentional homicides (per 100,000 people)","VC.IHR.PSRC.P5","","","","","","","","","","","","","","","","","","","","","","","","","","","","","","","","","","","","","","","","","","","","","","","","","","","","","9.60326866956793","","","",
"Guinea-Bissau","GNB","Intentional homicides (per 100,000 people)","VC.IHR.PSRC.P5","","","","","","","","","","","","","","","","","","","","","","","","","","","","","","","","","","","","","","","","","","","","","","","","","","","","","10.2867470868212","","","",
"Equatorial Guinea","GNQ","Intentional homicides (per 100,000 people)","VC.IHR.PSRC.P5","","","","","","","","","","","","","","","","","","","","","","","","","","","","","","","","","","","","","","","","","","","","","","","","","","","","","3.56426487971541","","","",
"Greece","GRC","Intentional homicides (per 100,000 people)","VC.IHR.PSRC.P5","","","","","","","","","","","","","","","","","","","","","","","","","","","","","","","","","","","","1.41494286488823","1.57141461067831","1.87530704688656","1.61696282198232","1.4171283457486","0.737242764849685","1.19859100179598","0.852502703068411","1.10590108820667","1.00586282097219","1.19547436875784","0.995248682788368","1.17467572624779","1.29927981100531","1.36959775904973","1.58415855843011","1.65530000613148","1.49188714832583","1.37368999131382","","",
"Grenada","GRD","Intentional homicides (per 100,000 people)","VC.IHR.PSRC.P5","","","","","","","","","","","","","","","","","","","","","","","","","","","","","","","","","","","","","","","","","14.7608738437315","5.89107404098224","13.7121813142146","8.7917240570876","5.84482002824996","10.6846946605667","11.6211504938989","10.619195644199","15.3946811376669","6.71166679450794","9.55319697736848","3.81460797187176","13.312336723974","","","",
"Greenland","GRL","Intentional homicides (per 100,000 people)","VC.IHR.PSRC.P5","","","","","","","","","","","","","","","","","","","","","","","","","","","","","","","","","","","","19.778125393315","5.39015757227303","19.7337734562807","10.7397927220005","19.6351433365464","23.142379036565","30.1755507038003","21.2261647857926","8.8133681167595","19.3386192225875","17.5583375765982","17.5669740887132","3.52007321752292","10.5866784296427","19.445279216532","10.6108301206098","1.7594426085816","","","","",
"Guatemala","GTM","Intentional homicides (per 100,000 people)","VC.IHR.PSRC.P5","","","","","","","","","","","","","","","","","","","","","","","","","","","","","","","","","","","","32.5489794746735","35.3196220849234","38.1433409197048","30.8677838628448","24.1928561548357","25.918891185551","28.1383787972873","30.8607925826667","35.124413125107","36.44140429179","42.1013810404499","45.2853453852117","43.4076434244929","46.1009559647215","46.4508226041798","41.5574968887659","38.9211114978551","34.5742477681431","","","",
"Guam","GUM","Intentional homicides (per 100,000 people)","VC.IHR.PSRC.P5","","","","","","","","","","","","","","","","","","","","","","","","","","","","","","","","","","","","","","","","","1.28759785743717","5.11453358650275","1.27193289282057","5.06896966855275","5.68921703730862","4.41916402042916","6.94317328266921","0.63158825498481","0.631672035878972","3.15216774575876","1.88158554942298","2.5045032676368","","","","",
"Guyana","GUY","Intentional homicides (per 100,000 people)","VC.IHR.PSRC.P5","","","","","","","","","","","","","","","","","","","","","","","","","","","","","","","","","","","","14.9729593848174","12.0714961796458","11.9220054183459","15.4697463782996","12.4402594135853","9.93994393334327","10.5663425875769","18.9174678836016","27.3350212045456","17.3065464984629","18.6637295389007","19.9904098295328","14.9271748569263","20.3676752103478","14.9797389428401","17.8088499807919","16.4967672681065","17.5459000573369","19.4630081842805","","",
"High income","HIC","Intentional homicides (per 100,000 people)","VC.IHR.PSRC.P5","","","","","","","","","","","","","","","","","","","","","","","","","","","","","","","","","","","","","","","","","","","","","","","","","","","","","4.1","","","",
"Hong Kong SAR, China","HKG","Intentional homicides (per 100,000 people)","VC.IHR.PSRC.P5","","","","","","","","","","","","","","","","","","","","","","","","","","","","","","","","","","","","","","","","","0.555937478100818","0.957527559384118","0.998252479463849","0.752899640939265","0.652502717673819","0.492990401476883","0.506463120585541","0.259562423897739","0.51665746729343","0.670764514559158","0.496488126699231","0.242011632787389","0.383495168509649","0.87861556262373","","",
"Honduras","HND","Intentional homicides (per 100,000 people)","VC.IHR.PSRC.P5","","","","","","","","","","","","","","","","","","","","","","","","","","","","","","","","","","","","","","","","42.0842525751359","50.9336689994693","54.7993414024107","55.7744918602032","61.4498328422728","53.8120491078202","46.5586531039706","44.3059595067971","49.9830325157179","60.840973848897","70.6842070597458","81.8243416657001","91.7865007653855","91.0394179400376","84.2927313738229","","",
"Heavily indebted poor countries (HIPC)","HPC","Intentional homicides (per 100,000 people)","VC.IHR.PSRC.P5","","","","","","","","","","","","","","","","","","","","","","","","","","","","","","","","","","","","","","","","","","","","","","","","","","","","","12.6","","","",
"Croatia","HRV","Intentional homicides (per 100,000 people)","VC.IHR.PSRC.P5","","","","","","","","","","","","","","","","","","","","","","","","","","","","","","","","","","","","3.55536441307252","2.61987765600835","2.55113622851262","2.85855062318586","2.66517358209461","2.25688186966351","1.82153909259018","1.64930826204029","1.51880254886804","1.88648968817462","1.50380839475973","1.55300745603447","1.39609281682782","1.53665283984912","1.12645490846979","1.42922116436804","1.13430207725308","1.18402973350663","1.07105978758183","","",
"Haiti","HTI","Intentional homicides (per 100,000 people)","VC.IHR.PSRC.P5","","","","","","","","","","","","","","","","","","","","","","","","","","","","","","","","","","","","","","","","","","","","","","","","5.10841507323008","5.16691040027474","6.12381598117305","6.84087142799402","9.10793041397671","10.1612024649137","","","",
"Hungary","HUN","Intentional homicides (per 100,000 people)","VC.IHR.PSRC.P5","","","","","","","","","","","","","","","","","","","","","","","","","","","","","","","","","","","","2.86505133910661","2.62749838980887","2.80818575458866","2.81539704599579","2.47132530045162","2.00506391116765","2.49114124672793","1.99634344620607","2.24802344017985","2.06565174969598","1.62441149750534","1.7267014633398","1.5306955142471","1.80170172220786","1.46544305826602","1.62761830613264","1.74305572563908","1.42545209248893","2.66571853535953","","",
"Indonesia","IDN","Intentional homicides (per 100,000 people)","VC.IHR.PSRC.P5","","","","","","","","","","","","","","","","","","","","","","","","","","","","","","","","","","","","","","","","","1.0548548550829","","","0.749499358495018","0.641228999292737","","","","0.585715319498165","0.552030462784191","0.439594254503094","0.601852485390416","0.589632996340337","0.554136029343014","","",
"Isle of Man","IMN","Intentional homicides (per 100,000 people)","VC.IHR.PSRC.P5","","","","","","","","","","","","","","","","","","","","","","","","","","","","","","","","","","","","","","","","","","","","","","","","","","","","","","","","",
"India","IND","Intentional homicides (per 100,000 people)","VC.IHR.PSRC.P5","","","","","","","","","","","","","","","","","","","","","","","","","","","","","","","","","","","","4.36626277958339","4.39507984612006","4.35247069459663","4.47327353382515","4.23340240421416","4.54473165079899","4.29324793543731","4.1659479504782","3.65967128060744","3.77633838227761","3.65578990121674","3.6234046962827","3.58219050591399","3.56689737869811","3.49051938443623","3.50847173456261","3.57447595880825","3.49627005382793","3.34169678462331","","",
"Not classified","INX","Intentional homicides (per 100,000 people)","VC.IHR.PSRC.P5","","","","","","","","","","","","","","","","","","","","","","","","","","","","","","","","","","","","","","","","","","","","","","","","","","","","","","","","",
"Ireland","IRL","Intentional homicides (per 100,000 people)","VC.IHR.PSRC.P5","","","","","","","","","","","","","","","","","","","","","","","","","","","","","","","","","","","","1.19081972152542","1.15433547792375","1.03546184323108","1.02517423240754","1.01307803766784","0.97272658679968","1.34511551050108","1.3211801695938","1.1220120818261","0.734252127495539","1.25060064906174","1.46707227271265","1.81795425607564","1.14898761552209","1.26971976831242","1.18632963265639","0.922651135708057","1.16888675190328","1.10934259318404","","",
"Iran, Islamic Rep.","IRN","Intentional homicides (per 100,000 people)","VC.IHR.PSRC.P5","","","","","","","","","","","","","","","","","","","","","","","","","","","","","","","","","","","","","","","","","","","","","","","","","","","","","4.77225648812534","","","",
"Iraq","IRQ","Intentional homicides (per 100,000 people)","VC.IHR.PSRC.P5","","","","","","","","","","","","","","","","","","","","","","","","","","","","","","","","","","","","","","","","","","","","","","33.626711721444","29.4825113726276","65.398705595528","15.1275088958213","8.14900302849177","8.24549017226712","7.96656895176192","","","","",
"Iceland","ISL","Intentional homicides (per 100,000 people)","VC.IHR.PSRC.P5","","","","","","","","","","","","","","","","","","","","","","","","","","","","","","","","","","","","0","0.370207204972623","0.733041094283746","0","0.718383063400897","1.77800536246417","0.352043259075675","1.39407309822291","0","1.02329706313743","1.01096901379973","0","0.655830166220156","0","0.318670252769245","0.628847762245238","0.936489708517295","0.308589262305585","0.305096199327889","","",
"Israel","ISR","Intentional homicides (per 100,000 people)","VC.IHR.PSRC.P5","","","","","","","","","","","","","","","","","","","","","","","","","","","","","","","","","","","","2.10049400993496","2.13240056907757","2.77048404440944","2.54981904090378","2.32504226655303","2.44441410636461","3.63808998644281","3.63842808366397","3.07145528071369","2.67455986484351","2.51375105111895","2.69280123975385","1.80373410477358","1.91365261689181","1.75973947057138","1.95408098358464","2.00863582802396","1.74935531390769","","","",
"Italy","ITA","Intentional homicides (per 100,000 people)","VC.IHR.PSRC.P5","","","","","","","","","","","","","","","","","","","","","","","","","","","","","","","","","","","","1.77643467769709","1.67374034178937","1.53458619786494","1.54085584551281","1.41541754017417","1.34418779602073","1.23950544047609","1.11997175723395","1.24248244120876","1.23568942923299","1.0396807805037","1.05791857043345","1.0607626177167","1.02716011772758","0.979735841297672","0.874250429415615","0.906030057081595","0.864648734026929","0.814036386064324","","",
"Jamaica","JAM","Intentional homicides (per 100,000 people)","VC.IHR.PSRC.P5","","","","","","","","","","","","","","","","","","","","","","","","","","","","","","","","","","","","31.687789151076","37.2282538701285","41.3732573308988","33.9049949675357","33.3854182344587","34.3503010395323","43.7245148267949","39.7835167562843","36.8325377505179","55.1829176795414","62.4126400136607","49.6990794914523","58.4531444320703","59.5101921318552","61.6193958221903","52.5992299793725","40.9458544282129","39.0621655269408","42.8813591301353","","",
"Jordan","JOR","Intentional homicides (per 100,000 people)","VC.IHR.PSRC.P5","","","","","","","","","","","","","","","","","","","","","","","","","","","","","","","","","","","","","","","","","","","","","","1.27876822936598","1.84199513123847","1.98024843631097","2.03004397413589","1.65013645172453","1.79718071922553","2.19787229750345","2.44542744552158","","","",
"Japan","JPN","Intentional homicides (per 100,000 people)","VC.IHR.PSRC.P5","","","","","","","","","","","","","","","","","","","","","","","","","","","","","","","","","","","","0.543833004420133","0.493530480386386","0.541203531611255","0.571311769404654","0.536916519813227","","","","0.550885381483424","0.551379676187732","0.506383926243283","0.486880114699202","0.451084608973495","0.507385227615762","0.397321231986036","0.365127330932638","0.345837717158341","0.334437987309447","0.288732765623158","","",
"Kazakhstan","KAZ","Intentional homicides (per 100,000 people)","VC.IHR.PSRC.P5","","","","","","","","","","","","","","","","","","","","","","","","","","","","","","","","","","","","15.3649540781269","16.7063971308529","16.6680809672214","16.5802074248802","15.7402297198345","15.9512677450135","14.8359239535265","13.4512392236221","13.5003608007023","14.0312480120721","11.9755009397184","11.354672894465","10.7560090919454","11.6069236616421","11.2490497697089","9.71664882768663","9.93169445864985","9.01824813011764","7.82003828053657","","",
"Kenya","KEN","Intentional homicides (per 100,000 people)","VC.IHR.PSRC.P5","","","","","","","","","","","","","","","","","","","","","","","","","","","","","","","","","","","","","","","","","","","","","4.00463837598737","3.52095771838363","3.49860591708391","3.39317038769342","3.64426251616545","5.5694031754236","5.47309731890587","6.33658989572135","6.47501288997346","6.60044595621839","","",
"Kyrgyz Republic","KGZ","Intentional homicides (per 100,000 people)","VC.IHR.PSRC.P5","","","","","","","","","","","","","","","","","","","","","","","","","","","","","","","","","","","","11.6503543558715","11.1401719106683","9.26304364201776","8.81035351284342","8.83878204441233","8.67836564174496","7.73832124939006","8.21442404895557","8.40411118738912","8.3676840043751","8.3095664528325","8.30443834840071","8.29714369854335","8.25432717228301","7.95788512460453","20.0966476279676","9.30966963107404","6.49599398075786","5.37454767999458","","",
"Cambodia","KHM","Intentional homicides (per 100,000 people)","VC.IHR.PSRC.P5","","","","","","","","","","","","","","","","","","","","","","","","","","","","","","","","","","","","3.5544070035964","4.72996523737357","6.75975926391762","6.6159814078408","4.75278405983305","","3.26315649376962","3.34399845908551","3.93525188588635","3.8861130093831","3.35419121165965","3.31979496356119","3.33156619691098","2.46045376506095","2.49571821715223","2.30422269344698","1.83710198811526","","","","",
"Kiribati","KIR","Intentional homicides (per 100,000 people)","VC.IHR.PSRC.P5","","","","","","","","","","","","","","","","","","","","","","","","","","","","","","","","","","","","","","","","","","","","","","","","","7.38147460772735","1.03872361642014","4.0923646706158","11.0722616055145","7.93278407818121","","","",
"St. Kitts and Nevis","KNA","Intentional homicides (per 100,000 people)","VC.IHR.PSRC.P5","","","","","","","","","","","","","","","","","","","","","","","","","","","","","","","","","","","","9.27622272210756","9.15038660383401","15.8006410545799","17.822135091784","13.1929022186064","6.58703671175127","12.983078720734","10.6532577662249","20.9735942448457","22.7174159971913","16.2803475854209","34.1207875880617","31.6969769008281","45.0009782821366","52.1930757186213","40.1130806845966","63.9527666069432","33.4250440012006","","","",
"Korea, Rep.","KOR","Intentional homicides (per 100,000 people)","VC.IHR.PSRC.P5","","","","","","","","","","","","","","","","","","","","","","","","","","","","","","","","","","","","","","","","","","","","","","","","","","","","0.878553918192085","0.841361889902264","","","",
"Kosovo","KSV","Intentional homicides (per 100,000 people)","VC.IHR.PSRC.P5","","","","","","","","","","","","","","","","","","","","","","","","","","","","","","","","","","","","","","","","","","","","","","","","","6.29532073823499","4.04468434286069","5.84006593765013","3.39608420536012","4.90054880701584","2.21896533434937","","",
"Kuwait","KWT","Intentional homicides (per 100,000 people)","VC.IHR.PSRC.P5","","","","","","","","","","","","","","","","","","","","","","","","","","","","","","","","","","","","","","","","","","","","","","","","2.30926995757206","1.40625063605086","1.71923671503687","2.00562913243169","1.95250460642167","1.94855128246778","","","",
"Latin America & Caribbean (developing only)","LAC","Intentional homicides (per 100,000 people)","VC.IHR.PSRC.P5","","","","","","","","","","","","","","","","","","","","","","","","","","","","","","","","","","","","","","","","","","","","","","","","","","","","","23.6","","","",
"Lao PDR","LAO","Intentional homicides (per 100,000 people)","VC.IHR.PSRC.P5","","","","","","","","","","","","","","","","","","","","","","","","","","","","","","","","","","","","","","","","","","","","","","","","","","","","","7.23430597267832","","","",
"Lebanon","LBN","Intentional homicides (per 100,000 people)","VC.IHR.PSRC.P5","","","","","","","","","","","","","","","","","","","","","","","","","","","","","","","","","","","","","","","","","","","","","","","","","4.37162333902202","3.06103900140431","3.27106635841857","3.5223491250785","4.16886851721777","4.6802933225494","","",
"Liberia","LBR","Intentional homicides (per 100,000 people)","VC.IHR.PSRC.P5","","","","","","","","","","","","","","","","","","","","","","","","","","","","","","","","","","","","","","","","","","","","","","","","2.83905886334304","4.81932434706323","3.79438117568247","3.25923006374448","4.04770264419889","3.30767862892912","","","",
"Libya","LBY","Intentional homicides (per 100,000 people)","VC.IHR.PSRC.P5","","","","","","","","","","","","","","","","","","","","","","","","","","","","","","","","","","","","","","","","","","","","","","","","","","","","","2.52461952090721","","","",
"St. Lucia","LCA","Intentional homicides (per 100,000 people)","VC.IHR.PSRC.P5","","","","","","","","","","","","","","","","","","","","","","","","","","","","","","","","","","","","","","","","","14.6544418887664","21.4308225653955","26.2144466567218","22.2543674196061","22.6355071577144","24.7873427364017","25.6474489735056","17.0438850654426","22.5780680120879","22.2602739726027","24.8031251937744","","21.5745336015817","","","",
"Latin America & Caribbean (all income levels)","LCN","Intentional homicides (per 100,000 people)","VC.IHR.PSRC.P5","","","","","","","","","","","","","","","","","","","","","","","","","","","","","","","","","","","","","","","","","","","","","","","","","","","","","23.2","","","",
"Least developed countries: UN classification","LDC","Intentional homicides (per 100,000 people)","VC.IHR.PSRC.P5","","","","","","","","","","","","","","","","","","","","","","","","","","","","","","","","","","","","","","","","","","","","","","","","","","","","","10","","","",
"Low income","LIC","Intentional homicides (per 100,000 people)","VC.IHR.PSRC.P5","","","","","","","","","","","","","","","","","","","","","","","","","","","","","","","","","","","","","","","","","","","","","","","","","","","","","11.5","","","",
"Liechtenstein","LIE","Intentional homicides (per 100,000 people)","VC.IHR.PSRC.P5","","","","","","","","","","","","","","","","","","","","","","","","","","","","","","","","","","","","0","0","0","0","3.07976593778873","0","0","0","0","2.89234685023428","0","0","0","2.80898876404494","0","2.76724686609292","0","0","0","","",
"Sri Lanka","LKA","Intentional homicides (per 100,000 people)","VC.IHR.PSRC.P5","","","","","","","","","","","","","","","","","","","","","","","","","","","","","","","","","","","","","","","","","","","","6.71727044587139","6.97653987738516","6.11990472195509","10.1551528586383","8.19134670665502","9.78858849091796","5.33452081028604","3.67555336467525","3.4793244746863","3.18371408207499","2.79079861968474","","",
"Lower middle income","LMC","Intentional homicides (per 100,000 people)","VC.IHR.PSRC.P5","","","","","","","","","","","","","","","","","","","","","","","","","","","","","","","","","","","","","","","","","","","","","","","","","","","","","5.9","","","",
"Low & middle income","LMY","Intentional homicides (per 100,000 people)","VC.IHR.PSRC.P5","","","","","","","","","","","","","","","","","","","","","","","","","","","","","","","","","","","","","","","","","","","","","","","","","","","","","6.7","","","",
"Lesotho","LSO","Intentional homicides (per 100,000 people)","VC.IHR.PSRC.P5","","","","","","","","","","","","","","","","","","","","","","","","","","","","","","","","","","","","","","","","","","","","","","","","45.7616996559947","38.1300264324239","36.3339770930105","38.0303655544444","","","","","",
"Lithuania","LTU","Intentional homicides (per 100,000 people)","VC.IHR.PSRC.P5","","","","","","","","","","","","","","","","","","","","","","","","","","","","","","","","","","","","13.8326154334513","11.2373766801959","10.9305565805864","8.76101747245491","8.76911183937939","","","","","10.2902294721172","11.3180612526173","8.89213012520922","8.683146044874","9.48045213485148","8.12386181311056","7.13713765583158","6.9938681223571","6.79576846765449","6.76241660726318","","",
"Luxembourg","LUX","Intentional homicides (per 100,000 people)","VC.IHR.PSRC.P5","","","","","","","","","","","","","","","","","","","","","","","","","","","","","","","","","","","","0.490771050397279","0.967639709030739","0.95384578698239","0.940698374473209","1.39324277255312","0.917197685910238","2.04481786352886","1.35280165222175","0.671146945386536","0.442920796903098","0.873654299362014","1.5014725155456","1.46968049146116","1.64166546961893","1.00378225152374","1.96894966380184","0.787230040927374","","0.191360997337334","","",
"Latvia","LVA","Intentional homicides (per 100,000 people)","VC.IHR.PSRC.P5","","","","","","","","","","","","","","","","","","","","","","","","","","","","","","","","","","","","11.5565417851246","10.8827316631047","11.1521389556514","10.3313512291622","9.53192821334203","10.0359226997813","9.33778875192992","9.23504085210945","8.82952032100989","8.01719666537771","5.65641583455253","5.82517467559921","4.33747993338738","4.62993707962276","5.11282053952565","3.34845079140634","3.35728960728576","4.7869003202212","3.45432195341935","","",
"Macao SAR, China","MAC","Intentional homicides (per 100,000 people)","VC.IHR.PSRC.P5","","","","","","","","","","","","","","","","","","","","","","","","","","","","","","","","","","","","","","","6.06954767863146","9.67260533927815","5.09368915067364","","","2.88433164488996","2.1808253115309","1.49525044376897","2.29258370014673","2.23030538963435","1.57626771330843","1.91711543143724","0.748186582770011","1.30181832912192","1.27711440346044","1.43237783314569","","",
"St. Martin (French part)","MAF","Intentional homicides (per 100,000 people)","VC.IHR.PSRC.P5","","","","","","","","","","","","","","","","","","","","","","","","","","","","","","","","","","","","","","","","","","","","","","","","","","","","","","","","",
"Morocco","MAR","Intentional homicides (per 100,000 people)","VC.IHR.PSRC.P5","","","","","","","","","","","","","","","","","","","","","","","","","","","","","","","","","","","","","","","","1.89843953192356","1.60570541616976","1.87104883072197","1.57617623942977","1.72373368693082","1.57423242771426","1.55682347596857","1.63842214420306","1.68584651309877","1.37618453226088","1.38122589169322","1.4253045600897","1.38467351600383","1.19190879282382","1.32333890510144","","",
"Monaco","MCO","Intentional homicides (per 100,000 people)","VC.IHR.PSRC.P5","","","","","","","","","","","","","","","","","","","","","","","","","","","","","","","","","","","","","","","","","","3.08966199097819","","","2.99886043303545","2.95787979176526","2.90959876633012","0","0","","","","","","","",
"Moldova","MDA","Intentional homicides (per 100,000 people)","VC.IHR.PSRC.P5","","","","","","","","","","","","","","","","","","","","","","","","","","","","","","","","","","","","9.10400460962259","9.28573434953315","9.32440252368","8.45713040326535","9.11905380697699","10.5425030872734","10.1470606069081","10.0528087396449","8.18684694497156","7.23622459255745","7.8575510933278","7.05146303055194","5.90855946052946","6.48973878801378","6.82560144369794","7.47266181251511","8.74810733232871","6.69449023309221","5.02018530365408","","",
"Madagascar","MDG","Intentional homicides (per 100,000 people)","VC.IHR.PSRC.P5","","","","","","","","","","","","","","","","","","","","","","","","","","","","","","","","","","","","","","","","","","","","","0.731843236701691","1.78235635601945","4.63186106371539","3.00448768245229","3.061206311003","0.687949347411737","0.616711983928296","","","","","",
"Maldives","MDV","Intentional homicides (per 100,000 people)","VC.IHR.PSRC.P5","","","","","","","","","","","","","","","","","","","","","","","","","","","","","","","","","","","","","","","","","","","","","","","","0.973270741210554","1.59315326453035","1.8769943064506","1.84221999791215","0.909730978765777","2.98495676765002","0.881682249732491","","",
"Middle East & North Africa (all income levels)","MEA","Intentional homicides (per 100,000 people)","VC.IHR.PSRC.P5","","","","","","","","","","","","","","","","","","","","","","","","","","","","","","","","","","","","","","","","","","","","","","","","","","","","","3.8","","","",
"Mexico","MEX","Intentional homicides (per 100,000 people)","VC.IHR.PSRC.P5","","","","","","","","","","","","","","","","","","","","","","","","","","","","","","","","","","","","16.919404883017","15.4541353492245","14.1992969608716","14.0780699700077","12.4338048853921","10.3366007112856","9.76363395601838","9.45244934954021","9.33494750403845","8.52886067165806","8.9594837892405","9.32242971773677","7.81028286498017","12.1825162208777","17.009561842345","21.8489996522415","22.8381106185131","21.5412829967654","18.9142579020037","","",
"Marshall Islands","MHL","Intentional homicides (per 100,000 people)","VC.IHR.PSRC.P5","","","","","","","","","","","","","","","","","","","","","","","","","","","","","","","","","","","","","","","","","","","","","","","","","","","","","3.82204887879328","","","",
"Middle income","MIC","Intentional homicides (per 100,000 people)","VC.IHR.PSRC.P5","","","","","","","","","","","","","","","","","","","","","","","","","","","","","","","","","","","","","","","","","","","","","","","","","","","","","6.2","","","",
"Macedonia, FYR","MKD","Intentional homicides (per 100,000 people)","VC.IHR.PSRC.P5","","","","","","","","","","","","","","","","","","","","","","","","","","","","","","","","","","","","","","","2.40914995151586","1.89888155876189","2.29030436195775","2.66331186219734","2.89234545595657","3.36398403357064","2.34929962104359","2.10521883749816","2.19696141132801","2.00322423710544","1.66764422382835","1.66622392716602","2.04546059967197","1.41977167145933","1.3694714672981","1.03666264538658","","",
"Mali","MLI","Intentional homicides (per 100,000 people)","VC.IHR.PSRC.P5","","","","","","","","","","","","","","","","","","","","","","","","","","","","","","","","","","","","","","","","","","","","","","","","","","","","","11.2066601613703","","","",
"Malta","MLT","Intentional homicides (per 100,000 people)","VC.IHR.PSRC.P5","","","","","","","","","","","","","","","","","","","","","","","","","","","","","","","","","","","","","","","1.27087733746114","2.52947470398822","0.981525241148483","1.46657671662805","1.46165708063231","0","1.69421787641891","0.964443383556723","0","0.955474871010892","1.42586906719646","0.945912711175013","0.941757036102256","0.704536544972426","2.80681496374296","1.63075179394345","","",
"Myanmar","MMR","Intentional homicides (per 100,000 people)","VC.IHR.PSRC.P5","","","","","","","","","","","","","","","","","","","","","","","","","","","","","","","","","","","","","","","","","","2.05954885899255","1.81684154460114","1.69432887149306","1.63808968747555","1.48063949278034","1.6930669601052","1.61915572577436","1.7000814749391","1.56187882575428","1.68299495923753","2.38454922922238","2.51779097913506","","","",
"Middle East & North Africa (developing only)","MNA","Intentional homicides (per 100,000 people)","VC.IHR.PSRC.P5","","","","","","","","","","","","","","","","","","","","","","","","","","","","","","","","","","","","","","","","","","","","","","","","","","","","","4.2","","","",
"Montenegro","MNE","Intentional homicides (per 100,000 people)","VC.IHR.PSRC.P5","","","","","","","","","","","","","","","","","","","","","","","","","","","","","","","","","","","","","","","","","","","","","","","","1.94237617351894","3.87942112571103","3.39033399633198","2.41905050654918","3.37953780855728","2.73158813190106","1.60433705394653","","",
"Mongolia","MNG","Intentional homicides (per 100,000 people)","VC.IHR.PSRC.P5","","","","","","","","","","","","","","","","","","","","","","","","","","","","","","","","","","","","","","","","","","","","13.8945432523358","13.3400207030712","15.7530055388834","13.1275844931971","11.2906482604695","8.05215976396537","8.19542381006376","8.81028687621141","9.75105698158451","7.21153264874969","7.45245019201492","","",
"Northern Mariana Islands","MNP","Intentional homicides (per 100,000 people)","VC.IHR.PSRC.P5","","","","","","","","","","","","","","","","","","","","","","","","","","","","","","","","","","","","","","","","","","","","","","","","","","","","","","","","",
"Mozambique","MOZ","Intentional homicides (per 100,000 people)","VC.IHR.PSRC.P5","","","","","","","","","","","","","","","","","","","","","","","","","","","","","","","","","","","","","","","","4.87139563098585","","5.85551183854076","5.38305230867209","5.25323723196665","5.52869301159015","5.18315331434335","4.14132057263068","3.82925682108359","4.37121980096672","3.52296185633978","3.65081288999809","","","","","",
"Mauritania","MRT","Intentional homicides (per 100,000 people)","VC.IHR.PSRC.P5","","","","","","","","","","","","","","","","","","","","","","","","","","","","","","","","","","","","","","","","","","","","","","","","","","","","","11.3627452573192","","","",
"Mauritius","MUS","Intentional homicides (per 100,000 people)","VC.IHR.PSRC.P5","","","","","","","","","","","","","","","","","","","","","","","","","","","","","","","","","","","","2.19857919018414","2.95537042960655","2.06471505211685","2.64178052598702","1.94179675297813","","","","","","","","","","3.09738588782083","2.68149016096254","2.74884326250064","","","","",
"Malawi","MWI","Intentional homicides (per 100,000 people)","VC.IHR.PSRC.P5","","","","","","","","","","","","","","","","","","","","","","","","","","","","","","","","","","","","","","","","","6.18292847517678","7.74315707097361","4.75400816549113","2.45123292522212","3.26992620230055","1.54741919106186","6.16943708958872","5.03144360575708","5.5169654822567","2.19579069668184","3.46350471775967","2.24983460793769","1.786799056262","","","",
"Malaysia","MYS","Intentional homicides (per 100,000 people)","VC.IHR.PSRC.P5","","","","","","","","","","","","","","","","","","","","","","","","","","","","","","","","","","","","1.91112220033869","2.10381632280958","2.47916821519033","2.81779131034374","2.57131259998274","","2.16085252444835","2.31426535694266","2.26992830320971","1.95938598914437","2.33714781136555","2.23344023712754","2.43158201373702","2.18662512103355","2.01868823119874","1.90975792580484","","","","","",
"North America","NAC","Intentional homicides (per 100,000 people)","VC.IHR.PSRC.P5","","","","","","","","","","","","","","","","","","","","","","","","","","","","","","","","","","","","","","","","","","","","","","","","","","","","","4.4","","","",
"Namibia","NAM","Intentional homicides (per 100,000 people)","VC.IHR.PSRC.P5","","","","","","","","","","","","","","","","","","","","","","","","","","","","","","","","","","","","22.5875525024344","20.7528035391467","18.6657472692069","22.5787607644381","20.4750425978129","20.0215706079128","18.2780142930965","17.6683587779828","","17.5708324181858","","","","16.7709640603925","18.1012531852141","14.4104981856081","14.0336523503945","17.4646311041684","","","",
"New Caledonia","NCL","Intentional homicides (per 100,000 people)","VC.IHR.PSRC.P5","","","","","","","","","","","","","","","","","","","","","","","","","","","","","","","","","","","","","","","","","","","","","","","3.44357063839495","5.08713844223342","4.59426385274967","3.29318393255559","","","","","","",
"Niger","NER","Intentional homicides (per 100,000 people)","VC.IHR.PSRC.P5","","","","","","","","","","","","","","","","","","","","","","","","","","","","","","","","","","","","","","","","","","","","","","","","","","","","5.12328300898877","4.71606667838623","","","",
"Nigeria","NGA","Intentional homicides (per 100,000 people)","VC.IHR.PSRC.P5","","","","","","","","","","","","","","","","","","","","","","","","","","","","","","","","","","","","","","","","","","","","","","","","","","","","","10.2766150603329","","","",
"Nicaragua","NIC","Intentional homicides (per 100,000 people)","VC.IHR.PSRC.P5","","","","","","","","","","","","","","","","","","","","","","","","","","","","","","","","","","","","15.2467953694598","13.9864158520601","14.0731251187873","13.0092595797215","11.2318383576289","9.33164997686692","10.3734339640136","10.5552419255734","11.9408530996762","11.9933928658621","13.3633498490161","13.0680459669422","12.7601785209738","12.9852189041499","13.9640267865553","13.4828550469418","12.5404216966584","11.3329048523544","","","",
"Netherlands","NLD","Intentional homicides (per 100,000 people)","VC.IHR.PSRC.P5","","","","","","","","","","","","","","","","","","","","","","","","","","","","","","","","","","","","1.93876800047205","1.35978823908196","1.33283633916763","1.12168318759418","1.28680287929434","1.1349404468374","1.26644068850738","1.2155312731886","1.2520215965048","1.17745955272319","1.06733785451105","0.781640581753101","0.869679023974435","0.908859948499148","0.929879703757233","0.866674053458021","0.85472071417085","0.862746863899462","0.740391657192714","","",
"High income: nonOECD","NOC","Intentional homicides (per 100,000 people)","VC.IHR.PSRC.P5","","","","","","","","","","","","","","","","","","","","","","","","","","","","","","","","","","","","","","","","","","","","","","","","","","","","","11","","","",
"Norway","NOR","Intentional homicides (per 100,000 people)","VC.IHR.PSRC.P5","","","","","","","","","","","","","","","","","","","","","","","","","","","","","","","","","","","","0.986443060671295","0.980584651934636","0.86126943862458","0.856000836177659","0.828544198578308","1.09093208346655","0.819540866626812","1.01396471887718","1.1184178641596","0.784579696297917","0.713607941202166","0.706791127586722","0.635447821261237","0.711603298741739","0.599715155980742","0.592895355400898","2.26716399393903","0.54699467753183","0.92441115895221","","",
"Nepal","NPL","Intentional homicides (per 100,000 people)","VC.IHR.PSRC.P5","","","","","","","","","","","","","","","","","","","","","","","","","","","","","","","","","","","","","","2.5339563369797","2.79509229953792","2.64423993044054","2.73893699137994","3.58484774479469","3.55974323713093","3.08657995402097","3.75573140260919","3.60982882452666","2.46937246691831","3.44123022323449","3.38674252969933","3.0288254904145","3.04700704938863","2.87407094219094","","","","",
"New Zealand","NZL","Intentional homicides (per 100,000 people)","VC.IHR.PSRC.P5","","","","","","","","","","","","","","","","","","","","","","","","","","","","","","","","","","","","1.08841760406633","1.29124519616436","1.59909128972309","1.29510740140665","1.17882299501201","1.34783744665674","1.30541051705263","1.51441075413365","1.09433517397193","1.10319128724037","1.47552669651101","1.1708426721975","1.13401881620721","1.19209403237727","1.5498707939803","0.984401584566048","0.879748087067761","0.914189143479732","1.03601583402515","","",
"High income: OECD","OEC","Intentional homicides (per 100,000 people)","VC.IHR.PSRC.P5","","","","","","","","","","","","","","","","","","","","","","","","","","","","","","","","","","","","","","","","","","","","","","","","","","","","","2.1","","","",
"OECD members","OED","Intentional homicides (per 100,000 people)","VC.IHR.PSRC.P5","","","","","","","","","","","","","","","","","","","","","","","","","","","","","","","","","","","","","","","","","","","","","","","","","","","","","4","","","",
"Oman","OMN","Intentional homicides (per 100,000 people)","VC.IHR.PSRC.P5","","","","","","","","","","","","","","","","","","","","","","","","","","","","","","","","","","","","","","","","","","0.580609863668338","0.649798194340778","","","","","0.700460241292987","0.694036644363671","","","1.20907097546631","","","","",
"Other small states","OSS","Intentional homicides (per 100,000 people)","VC.IHR.PSRC.P5","","","","","","","","","","","","","","","","","","","","","","","","","","","","","","","","","","","","","","","","","","","","","","","","","","","","","14.8","","","",
"Pakistan","PAK","Intentional homicides (per 100,000 people)","VC.IHR.PSRC.P5","","","","","","","","","","","","","","","","","","","","","","","","","","","","","","","","","","","","","6.93145688652939","6.93004657253483","7.43497002667954","6.60620797085997","6.19194555671035","6.48794047595158","6.27681793174387","6.13174228726742","6.26420411021251","6.09667261637177","6.24464772225666","6.43939950122959","7.22060859772877","7.34358653064533","7.62809872307545","7.88656858422068","7.75021188981147","","","",
"Panama","PAN","Intentional homicides (per 100,000 people)","VC.IHR.PSRC.P5","","","","","","","","","","","","","","","","","","","","","","","","","","","","","","","","","","","","14.0833179549976","9.07853924839213","11.3015512186301","9.8829659871219","9.82881989325557","9.78783637094525","9.81899359166271","11.9555129072347","10.4295074834802","9.3239105328403","10.8142506868089","10.8210303662613","12.7182949235098","18.4044936231525","22.6226448803406","20.6354971876998","20.2912732189438","17.1972490521194","17.1524218582299","","",
"Peru","PER","Intentional homicides (per 100,000 people)","VC.IHR.PSRC.P5","","","","","","","","","","","","","","","","","","","","","","","","","","","","","","","","","","","","","","","","","5.00767689945569","4.90665263985875","4.24992094062123","4.86087158677982","5.56856163797452","11.0268333679553","11.2055758317456","10.3570938150076","11.6399193058751","10.2611768460433","9.25747783109152","9.6249471202028","9.5716189981605","6.65368139378238","","",
"Philippines","PHL","Intentional homicides (per 100,000 people)","VC.IHR.PSRC.P5","","","","","","","","","","","","","","","","","","","","","","","","","","","","","","","","","","","","","","","7.98613327418039","7.53671352798582","7.38552931798867","7.37978007851824","8.09475525576042","7.79132601456327","7.53163944498608","7.4969808746821","7.09195724090036","6.45734415049683","6.44009861229485","6.93029654007557","9.52117775545528","9.11785112937059","8.7728880920924","9.31299666293157","","",
"Palau","PLW","Intentional homicides (per 100,000 people)","VC.IHR.PSRC.P5","","","","","","","","","","","","","","","","","","","","","","","","","","","","","","","","","","","","","","","","","","","","","","","","","","","","","4.82442598102511","","","",
"Papua New Guinea","PNG","Intentional homicides (per 100,000 people)","VC.IHR.PSRC.P5","","","","","","","","","","","","","","","","","","","","","","","","","","","","","","","","","","","","","","","","","8.64436630846148","7.90002339204174","8.30349522381188","10.4940256426428","5.19462092800138","9.89179881295133","9.76656782152862","8.12801879698132","9.20487440078634","10.3954925621518","10.3951846821924","","","","","",
"Poland","POL","Intentional homicides (per 100,000 people)","VC.IHR.PSRC.P5","","","","","","","","","","","","","","","","","","","","","","","","","","","","","","","","","","","","2.22182989284841","2.27350013966531","2.1021583305018","4.87144747933219","4.74749000594662","2.22938191338176","2.02532998785011","1.87040169514819","1.73069967900488","1.65596459218079","1.45263860285795","1.28291854438596","1.37473652192603","1.20451215490236","1.29079247876954","1.14139848645325","1.17710223046358","0.988740964400413","0.781863333308981","","",
"Puerto Rico","PRI","Intentional homicides (per 100,000 people)","VC.IHR.PSRC.P5","","","","","","","","","","","","","","","","","","","","","","","","","","","","","","","","","","","","23.3411443320191","23.2564806675146","19.2519500576761","17.2257096358295","15.5914196184756","18.3040157430337","19.6612164476209","20.5811852654525","20.7922837642118","21.1229512128735","20.4990876443677","19.9479273756768","19.5515761753212","21.6439128439592","24.0399353341874","26.4983067231569","","26.4944019271848","","","",
"Korea, Dem. People’s Rep.","PRK","Intentional homicides (per 100,000 people)","VC.IHR.PSRC.P5","","","","","","","","","","","","","","","","","","","","","","","","","","","","","","","","","","","","","","","","","","","","","","","","","","","","","4.69284394456526","","","",
"Portugal","PRT","Intentional homicides (per 100,000 people)","VC.IHR.PSRC.P5","","","","","","","","","","","","","","","","","","","","","","","","","","","","","","","","","","","","","1.04237920496755","1.11641232867845","1.21923456648993","1.05890339575747","1.12553695875256","1.0144280654567","1.14471176831034","1.42733554484128","1.37429207256797","1.26534504389558","1.47104867073669","1.75257405762198","1.1731447118468","1.22865530387339","1.17093895706356","1.06991633099009","1.14192610524355","1.34424055779507","","",
"Paraguay","PRY","Intentional homicides (per 100,000 people)","VC.IHR.PSRC.P5","","","","","","","","","","","","","","","","","","","","","","","","","","","","","","","","","","","","","","","16.7055356602687","12.1139976861118","18.5972513823178","24.0631972077901","24.6258954932278","22.6138833405193","20.8688267369544","18.2244074950416","15.5284124226634","12.7830786649111","13.3579110343882","12.9344644871753","11.4710836582571","10.0010189774891","9.71527828977821","8.89403423256482","","",
"Pacific island small states","PSS","Intentional homicides (per 100,000 people)","VC.IHR.PSRC.P5","","","","","","","","","","","","","","","","","","","","","","","","","","","","","","","","","","","","","","","","","","","","","","","","","","","","","4","","","",
"French Polynesia","PYF","Intentional homicides (per 100,000 people)","VC.IHR.PSRC.P5","","","","","","","","","","","","","","","","","","","","","","","","","","","","","","","","","","","","","","","","","","","","","","","1.16400433009611","2.68857470972995","3.42365440871586","0.376772715627025","","","","","","",
"Qatar","QAT","Intentional homicides (per 100,000 people)","VC.IHR.PSRC.P5","","","","","","","","","","","","","","","","","","","","","","","","","","","","","","","","","","","","","","","0.911032235964637","0.526435853791215","","","","","","","","","","","","","8.05566906725602","","","",
"Romania","ROU","Intentional homicides (per 100,000 people)","VC.IHR.PSRC.P5","","","","","","","","","","","","","","","","","","","","","","","","","","","","","","","","","","","","3.34201109882768","3.19930731894723","3.08473623546624","2.50753657774","2.54008829275101","2.50130045290511","2.67591904148132","2.53038666285775","2.48180400756847","2.32871289916948","2.0666329493466","1.98500739324614","1.88954029074484","2.13977151428716","1.81168423156136","1.84799965016086","1.53593828666821","1.7370992946411","1.54766988567151","","",
"Russian Federation","RUS","Intentional homicides (per 100,000 people)","VC.IHR.PSRC.P5","","","","","","","","","","","","","","","","","","","","","","","","","","","","","","","","","","","","","","","","","","","","","","","","","11.5655227930549","11.1030891203291","10.1477592144094","9.69070643051462","9.21597986762455","9.00034774704417","","",
"Rwanda","RWA","Intentional homicides (per 100,000 people)","VC.IHR.PSRC.P5","","","","","","","","","","","","","","","","","","","","","","","","","","","","","","","","","","","","","","","","","","","","","","","4.91670277424178","4.75416198175228","4.2844729623834","3.58035979861853","4.61393711683559","","","","","",
"South Asia","SAS","Intentional homicides (per 100,000 people)","VC.IHR.PSRC.P5","","","","","","","","","","","","","","","","","","","","","","","","","","","","","","","","","","","","","","","","","","","","","","","","","","","","","3.9","","","",
"Saudi Arabia","SAU","Intentional homicides (per 100,000 people)","VC.IHR.PSRC.P5","","","","","","","","","","","","","","","","","","","","","","","","","","","","","","","","","","","","","","","","0.93978611591659","","","","","","","","","","","","","6.24268301675337","","","",
"Sudan","SDN","Intentional homicides (per 100,000 people)","VC.IHR.PSRC.P5","","","","","","","","","","","","","","","","","","","","","","","","","","","","","","","","","","","","","","","","","","","","","","","","","","","","","6.54222117620066","","","",
"Senegal","SEN","Intentional homicides (per 100,000 people)","VC.IHR.PSRC.P5","","","","","","","","","","","","","","","","","","","","","","","","","","","","","","","","","","","","","","","","","","","","","","","","","","","","","8.06245736028299","","","",
"Singapore","SGP","Intentional homicides (per 100,000 people)","VC.IHR.PSRC.P5","","","","","","","","","","","","","","","","","","","","","","","","","","","","","","","","","","","","1.46481261600023","0.866760220850504","1.06246967534468","0.983712120104337","1.04039516289077","0.94431381436679","0.745659515957611","0.531884158531458","0.564073323891373","0.479954692277049","0.46712995577614","0.368419113583613","0.380383616877621","0.556853046068659","0.402875564630104","0.37409167096708","0.307794273693201","0.206940431116024","0.312914075682343","","",
"Solomon Islands","SLB","Intentional homicides (per 100,000 people)","VC.IHR.PSRC.P5","","","","","","","","","","","","","","","","","","","","","","","","","","","","","","","","","","","","","","","","","","","","","4.36846232310458","5.54009537487268","4.78424112575274","5.28296366133765","3.773277647699","","","","","","","",
"Sierra Leone","SLE","Intentional homicides (per 100,000 people)","VC.IHR.PSRC.P5","","","","","","","","","","","","","","","","","","","","","","","","","","","","","","","","","","","","","","","","","","","","","2.27264656794858","1.9336334045913","1.91254952509123","2.47414381237866","3.32601910400299","2.80083145695353","2.8338087641534","3.10240844869587","1.82431151287052","","","",
"El Salvador","SLV","Intentional homicides (per 100,000 people)","VC.IHR.PSRC.P5","","","","","","","","","","","","","","","","","","","","","","","","","","","","","","","","","","","","139.132078848139","117.277281515377","112.568659946571","94.9967310849073","65.0471807756737","39.2864730682081","36.8736799949343","37.0154126586054","36.4383253562647","45.8324607866358","62.2145139314073","64.4283818175496","57.1129742647011","51.6761338514276","70.8661977616502","64.1182851293663","70.160584694945","41.4706411971838","39.7926054971397","","",
"San Marino","SMR","Intentional homicides (per 100,000 people)","VC.IHR.PSRC.P5","","","","","","","","","","","","","","","","","","","","","","","","","","","","","","","","","","","","","","","","","","0","3.56328392246294","0","0","0","0","0","0","0","0","0","","","","",
"Somalia","SOM","Intentional homicides (per 100,000 people)","VC.IHR.PSRC.P5","","","","","","","","","","","","","","","","","","","","","","","","","","","","","","","","","","","","","","","","","","","","","","","","","","","","","5.57677923425125","","","",
"Serbia","SRB","Intentional homicides (per 100,000 people)","VC.IHR.PSRC.P5","","","","","","","","","","","","","","","","","","","","","","","","","","","","","","","","","","","","","","","","","2.21953001451943","2.37878662695105","1.96969253788876","1.7443502131923","1.63613773326685","1.47644334640806","1.57747255930867","1.74068071609772","1.43428265428758","1.49455076483893","1.27499336847961","1.37866665012267","1.16711844904193","1.4502361390539","","",
"Sub-Saharan Africa (developing only)","SSA","Intentional homicides (per 100,000 people)","VC.IHR.PSRC.P5","","","","","","","","","","","","","","","","","","","","","","","","","","","","","","","","","","","","","","","","","","","","","","","","","","","","","14.3","","","",
"South Sudan","SSD","Intentional homicides (per 100,000 people)","VC.IHR.PSRC.P5","","","","","","","","","","","","","","","","","","","","","","","","","","","","","","","","","","","","","","","","","","","","","","","","","","","","","14.4155833208544","","","",
"Sub-Saharan Africa (all income levels)","SSF","Intentional homicides (per 100,000 people)","VC.IHR.PSRC.P5","","","","","","","","","","","","","","","","","","","","","","","","","","","","","","","","","","","","","","","","","","","","","","","","","","","","","14.4","","","",
"Small states","SST","Intentional homicides (per 100,000 people)","VC.IHR.PSRC.P5","","","","","","","","","","","","","","","","","","","","","","","","","","","","","","","","","","","","","","","","","","","","","","","","","","","","","17.4","","","",
"Sao Tome and Principe","STP","Intentional homicides (per 100,000 people)","VC.IHR.PSRC.P5","","","","","","","","","","","","","","","","","","","","","","","","","","","","","","","","","","","","","","","","","","","","","","","2.51879651902321","2.4481302405288","8.32080260084516","2.88616947587162","3.36647440357295","3.33479019874844","","","","",
"Suriname","SUR","Intentional homicides (per 100,000 people)","VC.IHR.PSRC.P5","","","","","","","","","","","","","","","","","","","","","","","","","","","","","","","","","","","","","","","","","","","","","","","","","","","","","9.28028848671043","","","",
"Slovak Republic","SVK","Intentional homicides (per 100,000 people)","VC.IHR.PSRC.P5","","","","","","","","","","","","","","","","","","","","","","","","","","","","","","","","","","","","2.38410369062976","2.45316362396942","2.5974531971402","2.37188662085467","2.61045849648699","2.6540411023736","2.39401029758476","2.56128857314511","2.71000647617301","2.26414898248774","1.96606169464502","1.64894330525313","1.64640478841109","1.73577962541876","1.54837453852909","1.63800555707189","1.76855732970513","1.38052546574336","1.43454216215719","","",
"Slovenia","SVN","Intentional homicides (per 100,000 people)","VC.IHR.PSRC.P5","","","","","","","","","","","","","","","","","","","","","","","","","","","","","","","","","","","","2.23781345281901","1.92747812819556","1.82208826499237","0.707334707246796","1.26111165479036","1.80945894664358","1.4072246915665","1.80896341371496","1.05455144403244","1.35366979882461","0.999825530444937","0.597301392309545","1.1880270632565","0.492012182221632","0.635930669860017","0.730199899524494","0.780134658156829","0.68038406054365","0.581284171582688","","",
"Sweden","SWE","Intentional homicides (per 100,000 people)","VC.IHR.PSRC.P5","","","","","","","","","","","","","","","","","","","","","","","","","","","","","","","","","","","","0.940302249395573","1.0963646920385","1.02779171383026","1.05053289128114","1.11832979816858","1.08202126983311","0.978798988889394","1.13341074940221","0.950596493708058","1.1913666668077","0.87484578074615","0.968131210823003","1.16823003868807","0.833824152550403","0.93444944547944","0.969911739097579","0.862940651127907","0.720431363248565","0.916651101158312","","",
"Swaziland","SWZ","Intentional homicides (per 100,000 people)","VC.IHR.PSRC.P5","","","","","","","","","","","","","","","","","","","","","","","","","","","","","","","","","","","","","","","","","","18.7948762562095","12.9368138290844","13.236157874273","13.336280712267","13.7601141365257","10.8204493974083","14.9782770928398","18.8053164449459","15.9328197342031","17.4328750498681","","","","","",
"Sint Maarten (Dutch part)","SXM","Intentional homicides (per 100,000 people)","VC.IHR.PSRC.P5","","","","","","","","","","","","","","","","","","","","","","","","","","","","","","","","","","","","","","","","","","","","","","","","","","","","","","","","",
"Seychelles","SYC","Intentional homicides (per 100,000 people)","VC.IHR.PSRC.P5","","","","","","","","","","","","","","","","","","","","","","","","","","","","","","","","","","","","","","","","","","","6.05246274709179","11.8739461872759","6.99700295040291","3.44455415987324","10.2029248384537","5.60953171629232","3.3369669195346","5.52016516334169","2.19279010613104","","","","","",
"Syrian Arab Republic","SYR","Intentional homicides (per 100,000 people)","VC.IHR.PSRC.P5","","","","","","","","","","","","","","","","","","","","","","","","","","","","","","","","","","","","","","1.99239872960349","2.21047919768026","2.11907493004003","2.18065765214149","2.25136435074724","2.16538402968082","2.3412467086696","2.4100458859159","2.36688123270697","2.37172049816341","2.72474312650318","2.60001250365181","2.26326680882138","2.1502233329697","","","","","",
"Turks and Caicos Islands","TCA","Intentional homicides (per 100,000 people)","VC.IHR.PSRC.P5","","","","","","","","","","","","","","","","","","","","","","","","","","","","","","","","","","","","","","","0","0","0","0","9.19963201471941","0","0","0","","","6.78403039245616","6.61222600588488","","","","","","",
"Chad","TCD","Intentional homicides (per 100,000 people)","VC.IHR.PSRC.P5","","","","","","","","","","","","","","","","","","","","","","","","","","","","","","","","","","","","","","","","","","","","","","","","","","","","","9.41345347295332","","","",
"Togo","TGO","Intentional homicides (per 100,000 people)","VC.IHR.PSRC.P5","","","","","","","","","","","","","","","","","","","","","","","","","","","","","","","","","","","","","","","","","","","","","","","","","","","","","9.41176462769938","","","",
"Thailand","THA","Intentional homicides (per 100,000 people)","VC.IHR.PSRC.P5","","","","","","","","","","","","","","","","","","","","","","","","","","","","","","","","","","","","7.6143973937906","7.42472636008366","7.85607293639164","8.69439944931902","8.09503312514154","8.24786863092551","7.9595275465454","7.11309337254845","9.9769977015069","6.56501872866331","7.33074680709445","7.11402278924912","6.71187387391669","6.00435081243067","5.58712869188238","5.50282011247921","4.90434668437972","","","","",
"Tajikistan","TJK","Intentional homicides (per 100,000 people)","VC.IHR.PSRC.P5","","","","","","","","","","","","","","","","","","","","","","","","","","","","","","","","","","","","7.53194062268198","8.25891493556511","8.37653218632032","8.1457596592783","5.84836707693699","","","","","","","3.06275542733203","2.17971389497295","1.62193694458969","1.75900408679759","2.03216697437608","1.93193377449837","1.34910343925146","1.46219658091676","","",
"Turkmenistan","TKM","Intentional homicides (per 100,000 people)","VC.IHR.PSRC.P5","","","","","","","","","","","","","","","","","","","","","","","","","","","","","","","","","","","","6.42309832115969","7.82624792334963","8.25647470209232","7.84930606446487","7.21441210295168","","","","","","","","","","","","","4.34415527228652","","","",
"Timor-Leste","TLS","Intentional homicides (per 100,000 people)","VC.IHR.PSRC.P5","","","","","","","","","","","","","","","","","","","","","","","","","","","","","","","","","","","","","","","","","","","","","2.37852215179728","4.62024127703469","4.81329806200903","5.98625478659002","3.33255891011993","3.00697901034683","3.61295103988142","","","","","",
"Tonga","TON","Intentional homicides (per 100,000 people)","VC.IHR.PSRC.P5","","","","","","","","","","","","","","","","","","","","","","","","","","","","","","","","","","","","","","","","","1.02080398521876","6.09112320311865","6.05552920278958","6.01859746617047","1.99364028748293","3.96196513470682","7.87269846580789","0.977622227218958","3.88549447774097","7.72521413327926","0.96063324943803","1.90903649366226","0.948838948907262","","","",
"Trinidad and Tobago","TTO","Intentional homicides (per 100,000 people)","VC.IHR.PSRC.P5","","","","","","","","","","","","","","","","","","","","","","","","","","","","","","","","","","","","","","","","","9.46387166990016","11.8678316528431","13.383182426864","17.8367246477052","20.1491189797726","29.7625243555373","28.4623139017306","29.8464169033007","41.5511728901006","38.260348819449","35.6149221252998","26.3768519145494","28.3431605444763","30.2171001114058","","",
"Tunisia","TUN","Intentional homicides (per 100,000 people)","VC.IHR.PSRC.P5","","","","","","","","","","","","","","","","","","","","","","","","","","","","","","","","","","","","","","","","","","","","","1.96031734622492","2.58671669244098","2.45072878670323","2.6572105012959","2.69452030802216","2.42598278941214","2.69003548777586","","3.06773553337572","","","",
"Turkey","TUR","Intentional homicides (per 100,000 people)","VC.IHR.PSRC.P5","","","","","","","","","","","","","","","","","","","","","","","","","","","","","","","","","","","","","","","","","","","","4.30250932444158","4.359297357262","4.87872911306092","4.616303504586","5.17867709420183","4.62881961646286","5.18240318647612","4.24744140866672","4.18966233033517","4.34862503232483","","","",
"Tuvalu","TUV","Intentional homicides (per 100,000 people)","VC.IHR.PSRC.P5","","","","","","","","","","","","","","","","","","","","","","","","","","","","","","","","","","","","","","","","","","","0","0","0","0","0","0","0","0","10.1760455886842","10.0892809644619","20.0938565773586","","","",
"Tanzania","TZA","Intentional homicides (per 100,000 people)","VC.IHR.PSRC.P5","","","","","","","","","","","","","","","","","","","","","","","","","","","","","","","","","","","","","","","","","","","","","","","","","","","","","8.19391157005531","","","",
"Uganda","UGA","Intentional homicides (per 100,000 people)","VC.IHR.PSRC.P5","","","","","","","","","","","","","","","","","","","","","","","","","","","","","","","","","","","","","","","","","","","","7.95873737463312","7.37926687469789","8.67540945095346","9.07395906022191","8.60757518033521","8.78887839656873","9.83741398880878","9.29761437043985","10.8114724699164","11.6603972587216","10.5246917079519","","",
"Ukraine","UKR","Intentional homicides (per 100,000 people)","VC.IHR.PSRC.P5","","","","","","","","","","","","","","","","","","","","","","","","","","","","","","","","","","","","8.62060162996857","9.64285910536129","8.40437322981275","8.41353686939213","8.60914571629369","","","","7.56789788081916","7.32342557098273","6.41760939403935","6.25328985771429","5.65663440370189","5.24737227824848","4.74200940076347","4.31702606415344","","","","","",
"Upper middle income","UMC","Intentional homicides (per 100,000 people)","VC.IHR.PSRC.P5","","","","","","","","","","","","","","","","","","","","","","","","","","","","","","","","","","","","","","","","","","","","","","","","","","","","","6.6","","","",
"Uruguay","URY","Intentional homicides (per 100,000 people)","VC.IHR.PSRC.P5","","","","","","","","","","","","","","","","","","","","","","","","","","","","","","","","","","","","","","","","","6.44415074374232","6.55291842337985","6.94214876033058","5.92407976036646","5.83665430940646","5.65387177439849","6.09569886887251","5.81119487752158","6.5991857620029","6.7253277927742","6.07951050747009","5.91756724479848","7.92921338245388","7.7111945606161","","",
"United States","USA","Intentional homicides (per 100,000 people)","VC.IHR.PSRC.P5","","","","","","","","","","","","","","","","","","","","","","","","","","","","","","","","","","","","8.11268340776424","7.29230303409696","6.67832194250555","6.15031036783624","5.55746449436471","5.47656604410638","6.61942245318251","5.59099787950321","5.64320887032676","5.46487168937807","5.61432604558597","5.75158909621388","5.63816555107709","5.3691883065255","4.97557459445311","4.71485539677491","4.65620205493549","4.66814838610442","3.82463065425032","","",
"Uzbekistan","UZB","Intentional homicides (per 100,000 people)","VC.IHR.PSRC.P5","","","","","","","","","","","","","","","","","","","","","","","","","","","","","","","","","","","","5.04813464007738","4.9384403916967","4.43757298944472","4.41406371263708","4.14394461597587","","","","","","","","","","","","","3.26396174618255","","","",
"St. Vincent and the Grenadines","VCT","Intentional homicides (per 100,000 people)","VC.IHR.PSRC.P5","","","","","","","","","","","","","","","","","","","","","","","","","","","","","","","","","","","","18.5036128304051","22.2121444899999","8.334954018837","22.2413745169451","12.9787056522263","18.5361965578283","11.1122429136301","18.4928340268146","16.6123688315044","25.7917134909084","21.1496197666185","11.9366805009733","33.0138933467834","14.6576522105572","18.3068037236039","22.8694793076951","19.1620239543548","25.5136210844565","","","",
"Venezuela, RB","VEN","Intentional homicides (per 100,000 people)","VC.IHR.PSRC.P5","","","","","","","","","","","","","","","","","","","","","","","","","","","","","","","","","","","","20.335913345501","22.0496258363835","18.3997880692813","19.4242415730169","24.9851242639426","32.8668752660293","32.0058659193056","37.9614095449912","43.9659794336746","37.0087938438447","37.2821911272052","45.0776109432566","47.5702558911672","51.8806476969388","48.927615816932","45.0362309247202","47.77346286371","53.6196757466877","","","",
"Virgin Islands (U.S.)","VIR","Intentional homicides (per 100,000 people)","VC.IHR.PSRC.P5","","","","","","","","","","","","","","","","","","","","","","","","","","","","","","","","","","","","","","","","24.9","22.1175733335791","25.8038355558423","37.8152035564738","28.6350326531743","34.2484773312105","32.4771731868458","40.0156340151501","40.1433959445834","42.1395662433981","46.935135642542","52.6404842924555","","","","","",
"Vietnam","VNM","Intentional homicides (per 100,000 people)","VC.IHR.PSRC.P5","","","","","","","","","","","","","","","","","","","","","","","","","","","","","","","","","","","","","","","","","","1.22845360889326","1.29258626547503","1.27050633516569","1.26321066725913","1.23958402150063","1.22219128518137","1.34945904542571","1.24986833175072","1.3979592312231","1.50032459679871","1.51191270972679","","","","",
"Vanuatu","VUT","Intentional homicides (per 100,000 people)","VC.IHR.PSRC.P5","","","","","","","","","","","","","","","","","","","","","","","","","","","","","","","","","","","","","","","","","","","","","","","","","","","","","2.84501265217769","","","",
"West Bank and Gaza","PSE","Intentional homicides (per 100,000 people)","VC.IHR.PSRC.P5","","","","","","","","","","","","","","","","","","","","","","","","","","","","","","","","","","","","1.19401191469825","4.41234220361194","1.57985703347085","1.51203021641184","1.7449125297968","","","","2.74328486182454","4.15503376609682","4.07319846645482","","","1.25735058942238","1.12415959489376","0.747592751340683","0.566910277947102","0.628684593179926","","","",
"World","WLD","Intentional homicides (per 100,000 people)","VC.IHR.PSRC.P5","","","","","","","","","","","","","","","","","","","","","","","","","","","","","","","","","","","","","","","","","","","","","","","","","","","","","6.2","","","",
"Samoa","WSM","Intentional homicides (per 100,000 people)","VC.IHR.PSRC.P5","","","","","","","","","","","","","","","","","","","","","","","","","","","","","","","","","","","","","","","","","","","","","","","","","","8.66250866250866","8.60080955119901","","","3.17135524310552","","",
"Yemen, Rep.","YEM","Intentional homicides (per 100,000 people)","VC.IHR.PSRC.P5","","","","","","","","","","","","","","","","","","","","","","","","","","","","","","","","","","","","","","","","","3.97773450271499","","","3.68947492378142","3.29378480143678","4.6922338960919","4.33168322821621","4.0128104015067","4.0269870796838","4.45351642234181","4.82800867091028","5.90583110791661","6.78800418645727","6.9992059179884","","",
"South Africa","ZAF","Intentional homicides (per 100,000 people)","VC.IHR.PSRC.P5","","","","","","","","","","","","","","","","","","","","","","","","","","","","","","","","","","","","64.9165265781694","60.3901674280048","57.1123953327189","57.7416814073372","51.2128709517669","48.5168381613586","47.030294518623","46.6638436986187","42.2965886981911","39.5200936218043","38.4117097997812","39.2523540629386","37.2700899937499","36.1028583723937","33.0794874695574","30.9801192373091","29.8866169127547","30.7373492552307","31.8636576782243","","",
"Congo, Dem. Rep.","COD","Intentional homicides (per 100,000 people)","VC.IHR.PSRC.P5","","","","","","","","","","","","","","","","","","","","","","","","","","","","","","","","","","","","","","","","","","","","","","","","","","","","","13.4759142346513","","","",
"Zambia","ZMB","Intentional homicides (per 100,000 people)","VC.IHR.PSRC.P5","","","","","","","","","","","","","","","","","","","","","","","","","","","","","","","","","","","","","","","9.00634968309423","10.7791614274948","","","","","","","","","5.57137635554437","6.33136871170136","6.15874195211692","","","","","",
"Zimbabwe","ZWE","Intentional homicides (per 100,000 people)","VC.IHR.PSRC.P5","","","","","","","","","","","","","","","","","","","","","","","","","","","","","","","","","","","","","","","","","","12.1476824502058","12.8392533392738","10.7313891475513","10.6830140942518","10.6210656327571","8.42481964441603","","","","5.43703598797826","","7.53080425547514","","","",
